index,phi_0,scl_resistance
1,2.249,2154923707.3337197
2,2.669,2107826871.7299848
3,2.375,2324099919.5996323
4,2.523,2114492893.8634787
5,3.273,2560697002.938879
