index,phi_0,scl_resistance
1,2.249,16135715536.239729
2,2.669,15783062150.23845
3,2.375,17402479286.30365
4,2.523,15832976231.43699
5,3.273,19174079468.93525
