index,phi_0,scl_resistance
1,2.249,522852092.0559847
2,2.669,511424922.29550886
3,2.375,563899548.2642894
4,2.523,513042308.3803542
5,3.273,621305422.8098683
